round,global_acc,global_loss,n_selected_clients,selected_clients,round_time_s,cumulative_time_s
1,0.213943,2.192497,10,"[35, 31, 28, 17, 94, 13, 86, 69, 11, 75]",37.92,37.92
2,0.279227,2.044502,10,"[87, 54, 76, 8, 49, 48, 59, 67, 32, 70]",34.8,72.72
3,0.393845,1.926318,10,"[93, 43, 13, 31, 24, 68, 57, 17, 54, 23]",26.73,99.45
4,0.454548,1.660351,10,"[34, 36, 77, 26, 91, 43, 87, 81, 33, 64]",35.79,135.24
5,0.578743,1.359163,10,"[46, 55, 8, 85, 42, 79, 40, 84, 15, 92]",35.7,170.94
