{
  "1": {
    "35": {
      "acc": 0.206135,
      "loss": 2.004416,
      "n_samples": 500,
      "label_dist": {
        "0": 27,
        "1": 29,
        "2": 64,
        "3": 77,
        "4": 3,
        "5": 71,
        "6": 25,
        "7": 91,
        "8": 83,
        "9": 89
      }
    },
    "31": {
      "acc": 0.218437,
      "loss": 2.080673,
      "n_samples": 500,
      "label_dist": {
        "0": 75,
        "1": 35,
        "2": 0,
        "3": 97,
        "4": 20,
        "5": 89,
        "6": 54,
        "7": 43,
        "8": 35,
        "9": 19
      }
    },
    "28": {
      "acc": 0.185474,
      "loss": 2.297894,
      "n_samples": 500,
      "label_dist": {
        "0": 13,
        "1": 11,
        "2": 48,
        "3": 12,
        "4": 45,
        "5": 44,
        "6": 77,
        "7": 33,
        "8": 5,
        "9": 93
      }
    },
    "17": {
      "acc": 0.209885,
      "loss": 2.042427,
      "n_samples": 500,
      "label_dist": {
        "0": 48,
        "1": 10,
        "2": 70,
        "3": 37,
        "4": 80,
        "5": 79,
        "6": 46,
        "7": 73,
        "8": 24,
        "9": 90
      }
    },
    "94": {
      "acc": 0.170898,
      "loss": 2.257002,
      "n_samples": 500,
      "label_dist": {
        "0": 98,
        "1": 37,
        "2": 10,
        "3": 29,
        "4": 12,
        "5": 48,
        "6": 35,
        "7": 58,
        "8": 81,
        "9": 46
      }
    },
    "13": {
      "acc": 0.180208,
      "loss": 2.134605,
      "n_samples": 500,
      "label_dist": {
        "0": 85,
        "1": 34,
        "2": 89,
        "3": 87,
        "4": 82,
        "5": 9,
        "6": 77,
        "7": 81,
        "8": 21,
        "9": 68
      }
    },
    "86": {
      "acc": 0.236855,
      "loss": 2.057858,
      "n_samples": 500,
      "label_dist": {
        "0": 48,
        "1": 34,
        "2": 81,
        "3": 88,
        "4": 71,
        "5": 28,
        "6": 87,
        "7": 41,
        "8": 98,
        "9": 99
      }
    },
    "69": {
      "acc": 0.169536,
      "loss": 2.321218,
      "n_samples": 500,
      "label_dist": {
        "0": 40,
        "1": 51,
        "2": 34,
        "3": 8,
        "4": 27,
        "5": 72,
        "6": 91,
        "7": 40,
        "8": 27,
        "9": 83
      }
    },
    "11": {
      "acc": 0.213866,
      "loss": 2.34637,
      "n_samples": 500,
      "label_dist": {
        "0": 82,
        "1": 58,
        "2": 18,
        "3": 33,
        "4": 17,
        "5": 31,
        "6": 95,
        "7": 71,
        "8": 68,
        "9": 33
      }
    },
    "75": {
      "acc": 0.238644,
      "loss": 2.16387,
      "n_samples": 500,
      "label_dist": {
        "0": 74,
        "1": 51,
        "2": 46,
        "3": 28,
        "4": 17,
        "5": 65,
        "6": 63,
        "7": 11,
        "8": 96,
        "9": 6
      }
    }
  },
  "2": {
    "87": {
      "acc": 0.315305,
      "loss": 1.849095,
      "n_samples": 500,
      "label_dist": {
        "0": 92,
        "1": 14,
        "2": 87,
        "3": 68,
        "4": 96,
        "5": 34,
        "6": 98,
        "7": 82,
        "8": 43,
        "9": 14
      }
    },
    "54": {
      "acc": 0.258577,
      "loss": 1.907765,
      "n_samples": 500,
      "label_dist": {
        "0": 0,
        "1": 92,
        "2": 92,
        "3": 33,
        "4": 64,
        "5": 97,
        "6": 22,
        "7": 64,
        "8": 13,
        "9": 80
      }
    },
    "76": {
      "acc": 0.259071,
      "loss": 2.100082,
      "n_samples": 500,
      "label_dist": {
        "0": 77,
        "1": 25,
        "2": 19,
        "3": 47,
        "4": 97,
        "5": 20,
        "6": 69,
        "7": 99,
        "8": 67,
        "9": 0
      }
    },
    "8": {
      "acc": 0.289121,
      "loss": 2.039944,
      "n_samples": 500,
      "label_dist": {
        "0": 14,
        "1": 46,
        "2": 39,
        "3": 30,
        "4": 7,
        "5": 30,
        "6": 72,
        "7": 10,
        "8": 10,
        "9": 93
      }
    },
    "49": {
      "acc": 0.277826,
      "loss": 1.872187,
      "n_samples": 500,
      "label_dist": {
        "0": 97,
        "1": 68,
        "2": 98,
        "3": 16,
        "4": 16,
        "5": 84,
        "6": 60,
        "7": 70,
        "8": 21,
        "9": 33
      }
    },
    "48": {
      "acc": 0.281994,
      "loss": 2.08714,
      "n_samples": 500,
      "label_dist": {
        "0": 27,
        "1": 69,
        "2": 96,
        "3": 93,
        "4": 88,
        "5": 25,
        "6": 91,
        "7": 39,
        "8": 51,
        "9": 85
      }
    },
    "59": {
      "acc": 0.294215,
      "loss": 2.019742,
      "n_samples": 500,
      "label_dist": {
        "0": 66,
        "1": 57,
        "2": 15,
        "3": 31,
        "4": 28,
        "5": 8,
        "6": 43,
        "7": 2,
        "8": 75,
        "9": 70
      }
    },
    "67": {
      "acc": 0.252238,
      "loss": 1.932589,
      "n_samples": 500,
      "label_dist": {
        "0": 9,
        "1": 90,
        "2": 80,
        "3": 7,
        "4": 29,
        "5": 8,
        "6": 4,
        "7": 42,
        "8": 9,
        "9": 65
      }
    },
    "32": {
      "acc": 0.253027,
      "loss": 2.112093,
      "n_samples": 500,
      "label_dist": {
        "0": 27,
        "1": 69,
        "2": 16,
        "3": 92,
        "4": 73,
        "5": 73,
        "6": 60,
        "7": 31,
        "8": 100,
        "9": 60
      }
    },
    "70": {
      "acc": 0.309977,
      "loss": 1.920666,
      "n_samples": 500,
      "label_dist": {
        "0": 12,
        "1": 84,
        "2": 55,
        "3": 45,
        "4": 54,
        "5": 52,
        "6": 59,
        "7": 93,
        "8": 6,
        "9": 86
      }
    }
  },
  "3": {
    "93": {
      "acc": 0.371699,
      "loss": 1.826241,
      "n_samples": 500,
      "label_dist": {
        "0": 9,
        "1": 56,
        "2": 70,
        "3": 12,
        "4": 6,
        "5": 83,
        "6": 69,
        "7": 1,
        "8": 11,
        "9": 96
      }
    },
    "43": {
      "acc": 0.428714,
      "loss": 1.792843,
      "n_samples": 500,
      "label_dist": {
        "0": 62,
        "1": 61,
        "2": 27,
        "3": 51,
        "4": 7,
        "5": 21,
        "6": 48,
        "7": 0,
        "8": 49,
        "9": 33
      }
    },
    "13": {
      "acc": 0.436497,
      "loss": 2.04037,
      "n_samples": 500,
      "label_dist": {
        "0": 36,
        "1": 54,
        "2": 89,
        "3": 93,
        "4": 100,
        "5": 71,
        "6": 84,
        "7": 91,
        "8": 62,
        "9": 19
      }
    },
    "31": {
      "acc": 0.362835,
      "loss": 1.813399,
      "n_samples": 500,
      "label_dist": {
        "0": 7,
        "1": 74,
        "2": 94,
        "3": 69,
        "4": 7,
        "5": 95,
        "6": 40,
        "7": 7,
        "8": 6,
        "9": 74
      }
    },
    "24": {
      "acc": 0.391524,
      "loss": 2.094073,
      "n_samples": 500,
      "label_dist": {
        "0": 67,
        "1": 20,
        "2": 7,
        "3": 65,
        "4": 10,
        "5": 23,
        "6": 8,
        "7": 76,
        "8": 8,
        "9": 86
      }
    },
    "68": {
      "acc": 0.430027,
      "loss": 1.887829,
      "n_samples": 500,
      "label_dist": {
        "0": 72,
        "1": 31,
        "2": 74,
        "3": 76,
        "4": 5,
        "5": 79,
        "6": 10,
        "7": 53,
        "8": 84,
        "9": 74
      }
    },
    "57": {
      "acc": 0.400367,
      "loss": 1.852866,
      "n_samples": 500,
      "label_dist": {
        "0": 33,
        "1": 26,
        "2": 85,
        "3": 91,
        "4": 40,
        "5": 30,
        "6": 33,
        "7": 50,
        "8": 16,
        "9": 85
      }
    },
    "17": {
      "acc": 0.408395,
      "loss": 1.909208,
      "n_samples": 500,
      "label_dist": {
        "0": 96,
        "1": 9,
        "2": 1,
        "3": 58,
        "4": 79,